,triple_lgbm_20fold_shallow,triple_lgbm_10fold_seed137,triple_lgbm_10fold,triple_lgbm,advanced_lgbm,baseline_lgbm,enhanced_lgbm,xgb_digits,xgb_digits_te,catboost_diverse
triple_lgbm_20fold_shallow,1.0,0.9975968646244644,0.9980134890389513,0.9973790871907768,0.9955483032409063,0.9823229161683303,0.9848606537786158,0.9875779169728278,0.7699669130599476,0.9804081222021264
triple_lgbm_10fold_seed137,0.9975968646244644,1.0,0.997638821928179,0.9971322986913345,0.9954129205050825,0.9824254665232307,0.9848336315938403,0.9875744062856471,0.7720826068572478,0.9803522185403966
triple_lgbm_10fold,0.9980134890389513,0.997638821928179,1.0,0.9979281976937446,0.996054550818032,0.9827984502669296,0.9852920448705738,0.9879653699542924,0.7707333063472532,0.9806268376590745
triple_lgbm,0.9973790871907768,0.9971322986913345,0.9979281976937446,1.0,0.9968503443169843,0.9832903001309832,0.9856544801455922,0.9882485952324076,0.7704884615696186,0.9811340382859784
advanced_lgbm,0.9955483032409063,0.9954129205050825,0.996054550818032,0.9968503443169843,1.0,0.9846033777324372,0.9865040604212875,0.9891328714726837,0.7710893048294669,0.9827316362411322
baseline_lgbm,0.9823229161683303,0.9824254665232307,0.9827984502669296,0.9832903001309832,0.9846033777324372,1.0,0.9962355518935063,0.9933410641105695,0.7712163783988257,0.9941464631264801
enhanced_lgbm,0.9848606537786158,0.9848336315938403,0.9852920448705738,0.9856544801455922,0.9865040604212875,0.9962355518935063,1.0,0.9950331966220817,0.7713313078396556,0.9917806350915068
xgb_digits,0.9875779169728278,0.9875744062856471,0.9879653699542924,0.9882485952324076,0.9891328714726837,0.9933410641105695,0.9950331966220817,1.0,0.7726384215498284,0.9904892579279176
xgb_digits_te,0.7699669130599476,0.7720826068572478,0.7707333063472532,0.7704884615696186,0.7710893048294669,0.7712163783988257,0.7713313078396556,0.7726384215498284,1.0,0.7729962673825728
catboost_diverse,0.9804081222021264,0.9803522185403966,0.9806268376590745,0.9811340382859784,0.9827316362411322,0.9941464631264801,0.9917806350915068,0.9904892579279176,0.7729962673825728,1.0
