dimension,group,rows,positive_rows,positive_rate,oof_auc
City_Type,Rural,123983,23977,0.1933894162909431,0.9412231879508424
City_Type,Suburban,255377,46207,0.1809364194896173,0.9458086853979796
City_Type,Urban,289305,46595,0.1610583985758974,0.9487512096095908
Gender,Female,295427,52480,0.17764117700819493,0.9461282512062628
Gender,Male,367954,63381,0.17225250982459764,0.9465342248191612
Gender,Other,5284,918,0.1737320211960636,0.9408149425597083
Subsidy_Available,No,248756,1432,0.0057566450658476575,0.8847240950937719
Subsidy_Available,Yes,419909,115347,0.2746952315858912,0.9116472029508231
Income_quintile,"(107798.0, 188549.0]",133724,41874,0.31313750710418475,0.9396123280539703
Income_quintile,"(29999.999, 62671.0]",133803,8634,0.06452770117261945,0.9385581150619781
Income_quintile,"(62671.0, 78915.0]",133678,15926,0.11913703077544548,0.9435441484444024
Income_quintile,"(78915.0, 91619.0]",133990,22499,0.1679155160832898,0.9342246581503286
Income_quintile,"(91619.0, 107798.0]",133470,27846,0.2086311530681052,0.9388255964142795
