feature,univariate_auc
Environmental_Concern_Level,0.843521340965195
Subsidy_Available,0.7175124303805156
Annual_Income_USD,0.6703667708314164
Home_Charging_Possible,0.5502038215321576
Range_Anxiety_Level,0.5447427053770432
Daily_Commute_km,0.5337569407642957
City_Type,0.5221333265352562
Charging_Stations_Near_Home,0.5158862771684991
Charging_Stations_Near_Work,0.5106197902135918
Current_Car_Type,0.5094360691658597
Age,0.5055354685835938
Number_of_Cars_Owned,0.5039345085689741
Gender,0.5034712110823437
