feature,importance
Concern_x_Subsidy,0.546247
Subsidy_Available,0.13820332
Subsidy_Yes,0.07447307
Commute_At_Floor,0.047190983
Income_x_Concern,0.03502502
Environmental_Concern_Level,0.022452872
Daily_Commute_km_digit_+1,0.015159799
Income_At_Floor,0.011977458
Daily_Commute_km_GlobalFreq,0.011785494
Environmental_Concern_Level_digit_+0,0.010129781
Income_x_Subsidy,0.009993363
Annual_Income_USD,0.009003316
Annual_Income_USD_FoldTargetMean,0.008501193
Environmental_Concern_Level_GlobalFreq,0.008405377
Daily_Commute_km_FoldTargetMean,0.007814432
Range_Anxiety_Level_GlobalFreq,0.007273793
Daily_Commute_km,0.0054169996
Range_Anxiety_Level,0.0044409432
Daily_Commute_km_digit_-1,0.0038647118
Annual_Income_USD_digit_+2,0.0035994207
Daily_Commute_km_digit_-3,0.0028410277
Daily_Commute_km_digit_+0,0.0026634242
Daily_Commute_km_digit_-4,0.0023371573
Annual_Income_USD_GlobalFreq,0.0015303657
Annual_Income_USD_digit_+1,0.0013780126
Home_Charging_Possible,0.0013177077
Annual_Income_USD_digit_+3,0.0012453635
HomeCharge_x_RangeAnxiety,0.0009287928
Home_Charging_Yes,0.0006818447
Age_GlobalFreq,0.00034600837
Income_Per_Car,0.00034251032
City_Type,0.0002716413
Charging_Stations_Near_Work_GlobalFreq,0.0002538631
Age,0.00025358782
Charging_Stations_Total,0.00024253223
Charging_Stations_Near_Home,0.00024047906
Age_digit_+0,0.00020830605
Charging_Station_Gap,0.00018428914
Charging_Stations_Near_Work,0.00018076607
Number_of_Cars_Owned_GlobalFreq,0.0001807657
Number_of_Cars_Owned,0.00017760493
Current_Car_Type,0.00017309244
Charging_Stations_Near_Home_GlobalFreq,0.00017063171
Annual_Income_USD_digit_+0,0.00014746006
Age_digit_+1,0.00014040871
Charging_Stations_Near_Home_digit_+0,0.00013766639
Current_Car_Type_GlobalFreq,0.00011518596
Charging_Stations_Near_Work_digit_+0,0.00011161278
Gender_GlobalFreq,7.969874e-05
Gender,6.91818e-05
City_Type_GlobalFreq,4.996464e-05
Number_of_Cars_Owned_digit_+0,4.0607985e-05
Number_of_Cars_Owned_digit_+1,0.0
Age_digit_-4,0.0
Age_digit_-3,0.0
Age_digit_-2,0.0
Age_digit_-1,0.0
Age_digit_+3,0.0
Charging_Stations_Near_Work_digit_-2,0.0
Charging_Stations_Near_Work_digit_-1,0.0
Number_of_Cars_Owned_digit_+2,0.0
Charging_Stations_Near_Work_digit_-3,0.0
Number_of_Cars_Owned_digit_+3,0.0
Number_of_Cars_Owned_digit_-1,0.0
Number_of_Cars_Owned_digit_-2,0.0
Number_of_Cars_Owned_digit_-3,0.0
Number_of_Cars_Owned_digit_-4,0.0
Age_digit_+2,0.0
Charging_Stations_Near_Work_digit_+3,0.0
Charging_Stations_Near_Work_digit_+2,0.0
Subsidy_Available_GlobalFreq,0.0
Home_Charging_Possible_GlobalFreq,0.0
Charging_Stations_Near_Home_digit_-2,0.0
Annual_Income_USD_digit_-1,0.0
Charging_Stations_Near_Home_digit_-1,0.0
Charging_Stations_Near_Home_digit_+3,0.0
Charging_Stations_Near_Home_digit_+2,0.0
Charging_Stations_Near_Home_digit_+1,0.0
Charging_Stations_Near_Home_digit_-3,0.0
Daily_Commute_km_digit_+2,0.0
Daily_Commute_km_digit_+3,0.0
Charging_Stations_Near_Home_digit_-4,0.0
Daily_Commute_km_digit_-2,0.0
Charging_Stations_Near_Work_digit_-4,0.0
Annual_Income_USD_digit_-4,0.0
Annual_Income_USD_digit_-3,0.0
Annual_Income_USD_digit_-2,0.0
Environmental_Concern_Level_digit_+1,0.0
Charging_Stations_Near_Work_digit_+1,0.0
Environmental_Concern_Level_digit_+3,0.0
Environmental_Concern_Level_digit_-1,0.0
Environmental_Concern_Level_digit_-2,0.0
Environmental_Concern_Level_digit_-3,0.0
Environmental_Concern_Level_digit_-4,0.0
Environmental_Concern_Level_digit_+2,0.0
